<keymap version="1" name="Quan customize" parent="$default">
  <action id="$Redo">
    <keyboard-shortcut first-keystroke="ctrl y" />
  </action>
  <action id="Arrangement.Alias.Rule.Match.Condition.Move.Down" />
  <action id="Arrangement.Rule.Group.Condition.Move.Down" />
  <action id="Arrangement.Rule.Group.Condition.Move.Up" />
  <action id="Arrangement.Rule.Match.Condition.Move.Down" />
  <action id="Arrangement.Rule.Match.Condition.Move.Up" />
  <action id="CloseContent">
    <keyboard-shortcut first-keystroke="ctrl w" />
  </action>
  <action id="Console.Execute.Multiline" />
  <action id="Console.SplitLine" />
  <action id="Console.TableResult.AddRow" />
  <action id="Console.TableResult.DeleteRows" />
  <action id="Console.TableResult.EditValue">
    <keyboard-shortcut first-keystroke="f2" />
    <keyboard-shortcut first-keystroke="enter" />
  </action>
  <action id="Console.TableResult.Submit" />
  <action id="DatabaseView.Tools" />
  <action id="DirDiffMenu.SynchronizeDiff.All" />
  <action id="EditSource">
    <keyboard-shortcut first-keystroke="f12" />
  </action>
  <action id="Editor Redo">
    <keyboard-shortcut first-keystroke="ctrl y" />
  </action>
  <action id="EditorDeleteLine" />
  <action id="EditorSelectWord" />
  <action id="EditorSplitLine" />
  <action id="FileChooser.NewFolder">
    <keyboard-shortcut first-keystroke="alt insert" />
  </action>
  <action id="GotoClass" />
  <action id="JumpToLastWindow">
    <keyboard-shortcut first-keystroke="shift ctrl alt p" />
  </action>
  <action id="MethodDown" />
  <action id="MethodUp" />
  <action id="MoveLineDown">
    <keyboard-shortcut first-keystroke="alt down" />
  </action>
  <action id="MoveLineUp">
    <keyboard-shortcut first-keystroke="alt up" />
  </action>
  <action id="NewPythonFile">
    <keyboard-shortcut first-keystroke="ctrl n" />
  </action>
  <action id="NotebookRunCellAction" />
  <action id="ProblemsView.QuickFixes" />
  <action id="PyExecuteCellAction" />
  <action id="ReformatCode">
    <keyboard-shortcut first-keystroke="ctrl enter" />
  </action>
  <action id="RenameElement">
    <keyboard-shortcut first-keystroke="ctrl r" />
  </action>
  <action id="Replace" />
  <action id="Resume" />
  <action id="Run" />
  <action id="RunClass">
    <keyboard-shortcut first-keystroke="alt enter" />
    <keyboard-shortcut first-keystroke="f9" />
  </action>
  <action id="RunDashboard.Run">
    <keyboard-shortcut first-keystroke="alt enter" />
    <keyboard-shortcut first-keystroke="f9" />
  </action>
  <action id="SetShortcutAction" />
  <action id="ShowContent" />
  <action id="ShowIntentionActions" />
  <action id="ShowSearchHistory" />
  <action id="SmartSelect" />
  <action id="SplitChooser.Duplicate" />
  <action id="TableResult.GrowSelection" />
  <action id="Terminal.SmartCommandExecution.Run" />
  <action id="UsageView.ShowRecentFindUsages" />
  <action id="ViewSource" />
  <action id="runShellFileAction">
    <keyboard-shortcut first-keystroke="alt enter" />
    <keyboard-shortcut first-keystroke="f9" />
  </action>
</keymap>