<application>
  <component name="FileTypeManager" version="18">
    <ignoreFiles list="*$py.class;*.iml;*.pyc;*.pyo;*.rbc;*.yarb;*~;.DS_Store;.git;.hg;.idea;.svn;CVS;__pycache__;_svn;vssver.scc;vssver2.scc" />
    <extensionMap>
      <mapping pattern="mr_job" type="AUTO_DETECTED" />
      <mapping pattern="lamtronso.py" type="AUTO_DETECTED" />
      <mapping ext=".tabnine.model" type="Tabnine project model file" />
      <mapping ext=".tabnine" type="Tabnine project model file" />
      <mapping ext=".model" type="Tabnine project model file" />
      <mapping ext="tabnine" type="Tabnine project model file" />
      <mapping ext="model" type="Tabnine project model file" />
      <removed_mapping ext="apk" approved="true" type="ARCHIVE" />
      <removed_mapping ext="psd" approved="true" type="Image" />
    </extensionMap>
  </component>
</application>